{
  "name": "gor-incinerator",
  "version": "1.0.0",
  "description": "Premium token burning service for Gorbagana blockchain - Easy rent reclamation with 5% fee",
  "type": "module",
  "scripts": {
    "dev": "vite",
    "build": "vite build",
    "preview": "vite preview",
    "deploy": "vite build && gh-pages -d dist"
  },
  "author": "Gor Incinerator",
  "license": "ISC",
  "dependencies": {
    "@react-three/drei": "^9.122.0",
    "@react-three/fiber": "^8.18.0",
    "@solana/spl-token": "^0.4.8",
    "@solana/web3.js": "^1.95.0",
    "buffer": "^6.0.3",
    "lucide-react": "^0.294.0",
    "react": "^18.2.0",
    "react-dom": "^18.2.0",
    "three": "^0.181.2",
    "wouter": "^3.0.0"
  },
  "devDependencies": {
    "@types/react": "^18.2.43",
    "@types/react-dom": "^18.2.17",
    "@vitejs/plugin-react": "^4.2.1",
    "autoprefixer": "^10.4.16",
    "gh-pages": "^6.3.0",
    "postcss": "^8.4.32",
    "tailwindcss": "^3.3.0",
    "typescript": "^5.2.2",
    "vite": "^5.0.8"
  }
}
